Sección;ID Sección;SKU Sección;SKU Name Sección;Nombre;Precio;SKU;SKU Name;Descripción;Imagen;ID;GTIN;Stock;Global Catalog ID;Indice
BLACK WEEK;5730081;;;Sándwich grande italiano;6650.0;;;Carne a elección, tomate, palta y mayonesa.;https://images.deliveryhero.io/image/pedidosya/products/a31ef869-8688-4ef2-901c-cfc653f7b597.jpg;100927731;;;;1
GOLAZOS MUNDIALEROS;5806640;;;Sándwich grande italiano;6650.0;;;Carne a elección, tomate, palta y mayonesa.;https://images.deliveryhero.io/image/pedidosya/products/a31ef869-8688-4ef2-901c-cfc653f7b597.jpg;101803585;;;;1
Naviya diciembre 2022;5913466;;;Sándwich grande italiano;6650.0;;;Carne a elección, tomate, palta y mayonesa.;https://images.deliveryhero.io/image/pedidosya/products/a31ef869-8688-4ef2-901c-cfc653f7b597.jpg;107472098;;;;1
PEDIDOSYA AWARDS DICIEMBRE 2022;5993975;;;Sándwich grande italiano;6650.0;;;Carne a elección, tomate, palta y mayonesa.;https://images.deliveryhero.io/image/pedidosya/products/a31ef869-8688-4ef2-901c-cfc653f7b597.jpg;108574111;;;;1
PEDIDOSYA AWARDS DICIEMBRE 2022;5993975;;;Sándwich grande italiano;6650.0;;;Carne a elección, tomate, palta y mayonesa.;https://images.deliveryhero.io/image/pedidosya/products/a31ef869-8688-4ef2-901c-cfc653f7b597.jpg;108574926;;;;2
Disfruta Verano;6055091;;;Combo 13;3450.0;;;Completo o italiano gigante, más papas fritas más bebida mini ccu.;https://images.deliveryhero.io/image/pedidosya/products/69d890c2-4565-477a-8cd8-339482b48d5e.jpg;109625763;;;;1
PROMOCIONES EXCLUSIVAS;6152079;;;Combo 13;4140.0;;;Completo o italiano gigante, más papas fritas más bebida mini ccu.;https://images.deliveryhero.io/image/pedidosya/products/69d890c2-4565-477a-8cd8-339482b48d5e.jpg;110841429;;;;1
6K, PROMOS HASTA 6 LUCAS;6033226;;;Combo 13;5865.0;;;Completo o italiano gigante, más papas fritas más bebida mini ccu.;https://images.deliveryhero.io/image/pedidosya/products/69d890c2-4565-477a-8cd8-339482b48d5e.jpg;110936600;;;;2
Minutas;977182;;;Fajita ñam;5990.0;;;Fajita, champiñon, tomate, palta, queso, choclo, mayonesa.;;114581499;;;;13
Combos;976894;;;Combo Fajita Ñam;7300.0;;;Fajita ñam, champiñon, palta, tomate, queso, mayonesa, más bebida mini 250cc.;;114581661;;;;16
MAR DE OFERTAS;6515833;;;Sándwich grande italiano;9600.0;;;Carne a elección, tomate, palta y mayonesa.;https://images.deliveryhero.io/image/pedidosya/products/a31ef869-8688-4ef2-901c-cfc653f7b597.jpg;117594609;;;;1
MAR DE OFERTAS;6515833;;;Sándwich grande Ñam;12500.0;;;Carne a elección, tomate, palta, queso, champignon, choclo y mayonesa casera.;;117594610;;;;2
COMPLETOS A $1.990;6549849;;;Completo mediano italiano;1990.0;;;Vienesa, tomate, palta y mayonesa casera.;https://images.deliveryhero.io/image/pedidosya/products/6923998d-0aea-47dc-a1d5-e8e68691a56a.jpg;118097964;;;;1
Comida casera ;6588122;;;Pollo Asado Con Papas Fritas;5990.0;;;Cuarto de pollo asado con papas fritas.;;118588152;;;;1
GOLAZOS MUNDIALEROS;5806640;;;Carne A La Cacerola;8990.0;;;Carne a la cacerola con arroz y papas fritas.;;118588850;;;;2
Comida casera ;6588122;;;Carne A La Cacerola Con Arroz;8990.0;;;Carne a la cacerola con , papas mayo y ensalada.;;118591059;;;;2
Comida casera ;6588122;;;Tallarines Con Boloñesa;5900.0;;;Tallarines con salsa boloñesa con ensalada.;;118630575;;;;3
DIA DEL COMPLETO;6623365;;;Completo mediano italiano;1990.0;;;Carne a elección, tomate, palta y mayonesa casera.;https://images.deliveryhero.io/image/pedidosya/products/6923998d-0aea-47dc-a1d5-e8e68691a56a.jpg;119075825;;;;1
RED DAYS;6654647;;;Sándwich grande italiano;6720.0;;;Carne a elección, tomate, palta y mayonesa.;https://images.deliveryhero.io/image/pedidosya/products/a31ef869-8688-4ef2-901c-cfc653f7b597.jpg;119591060;;;;1
RED DAYS;6654647;;;Sándwich grande Ñam;8750.0;;;Carne a elección, tomate, palta, queso, champignon, choclo y mayonesa casera.;;119591061;;;;2
TEMPORADA DE OFERTAS;6665064;;;Sándwich grande italiano;6720.0;;;Carne a elección, tomate, palta y mayonesa.;https://images.deliveryhero.io/image/pedidosya/products/a31ef869-8688-4ef2-901c-cfc653f7b597.jpg;119783650;;;;1
TEMPORADA DE OFERTAS;6665064;;;Sándwich grande Ñam;8750.0;;;Carne a elección, tomate, palta, queso, champignon, choclo y mayonesa casera.;;119783651;;;;2
Comida casera ;6588122;;;Pescado Frito Con Arroz O Papas Mayo Mas Ensalada;8900.0;;;Merluza frita con arroz o papas mayo con ensalada surtida.;;120057957;;;;4
Comida casera ;6588122;;;Chuleta A Lo Pobre;7900.0;;;Chuleta a lo pobre.;;120063640;;;;5
Comida casera ;6588122;;;Cuarto Pollo Asado A Lo Pobre;8900.0;;;Cuarto de pollo asado a lo pobre.;;120064118;;;;6
Comida casera ;6588122;;;Costillar A La Chilena Con Arroz Y Ensalada;8900.0;;;Costillar a la chilena con arroz y ensalada surtida.;;120361905;;;;7
Comida casera ;6588122;;;Costillar A La Chilena Con Arroz Y Papas Fritas;9500.0;;;Costillar a la chilena con arroz y papas fritas.;;120361987;;;;8
Comida casera ;6588122;;;Costillar A La Chilena Con Papas Fritas Y Ensalada;9500.0;;;Costillar a la chilena con papas fritas y ensalada surtida.;;120362010;;;;9
SABORES DE INVIERNO;6831617;;;Sándwich grande italiano;6720.0;;;Carne a elección, tomate, palta y mayonesa.;https://images.deliveryhero.io/image/pedidosya/products/a31ef869-8688-4ef2-901c-cfc653f7b597.jpg;122681867;;;;1
SABORES DE INVIERNO;6831617;;;Sándwich grande Ñam;8750.0;;;Carne a elección, tomate, palta, queso, champignon, choclo y mayonesa casera.;;122681868;;;;2
PARA PASAR AGOSTO;5002693;;;Combo 13;4830.0;;;Completo o italiano gigante, más papas fritas más bebida mini ccu.;https://images.deliveryhero.io/image/pedidosya/products/69d890c2-4565-477a-8cd8-339482b48d5e.jpg;125033827;;;;3
PARA PASAR AGOSTO;5002693;;;Sándwich grande Ñam;8750.0;;;Carne a elección, tomate, palta, queso, champignon, choclo y mayonesa casera.;;125033828;;;;4
Sándwiches medianos;977134;;;Sándwich mediano Super Ñam;8990.0;;;Carne, tomate, palta, queso, champiñon, choclo, mayo casera, tocino, salsa barbacoa, cebolla frita. Recomendable.;https://images.deliveryhero.io/image/pedidosya/products/afa7a5a6-3b6e-4604-8c02-35f039222f4e.jpg;14973823;;;;12
Sándwiches grandes;977162;;;Sándwich grande Super Ñam;13500.0;;;Carne churrasco o ave, tomate, palta, queso, champiñon, choclo, mayo casera, tocino, salsa barbacoa, cebolla frita. Recomendable.;https://images.deliveryhero.io/image/pedidosya/products/e2c32b99-085e-4c42-ae11-0e030640c620.jpg;14973842;;;;12
Completos medianos;976939;;;Completo mediano Super Ñam;4900.0;;;Carne, tomate, palta, queso, champiñon, choclo, mayo casera, tocino, salsa barbacoa, cebolla frita. Recomendable.;;14973859;;;;11
Combos;976894;;;Combo 13;6900.0;;;Completo o italiano gigante, más papas fritas más bebida mini ccu.;https://images.deliveryhero.io/image/pedidosya/products/69d890c2-4565-477a-8cd8-339482b48d5e.jpg;18426333;;;;13
Combos;976894;;;Combo 14;6200.0;;;Completo o italiano normal, más papas fritas más bebida mini ccu.;https://images.deliveryhero.io/image/pedidosya/products/8bf00a53-221d-4817-97e5-1a2ecc798dd6.jpg;18426362;;;;14
Sección Bebidas;977191;;;Bebida Lata Coca Cola 220 Ml;1600.0;;;220.;https://images.deliveryhero.io/image/pedidosya/products/3cd101e3-f87f-4988-980c-7a3d9c1ed490.jpg;25582057;;;;18
Sección Bebidas;977191;;;Bebida Lata Coca Cola Sin Azúcar 250 Ml;1600.0;;;Latita.;https://images.deliveryhero.io/image/pedidosya/products/e1759d91-ac9c-4a5b-b419-baf4f770c2ca.jpg;25582146;;;;18
Sección Bebidas;977191;;;Bebida Coca Cola 1,5 L;2990.0;;;Litro y medio.;https://images.deliveryhero.io/image/pedidosya/products/8f1f1c15-1739-437a-9a81-662e2f58d98e.jpg;25582205;;;;15
Sección Bebidas;977191;;;Bebida Coca Cola Sin Azúcar 1,5 L;2990.0;;;Litro y medio.;https://images.deliveryhero.io/image/pedidosya/products/d026e40b-373d-4c94-8e3d-eb5b2ccd90c2.jpg;25582248;;;;19
Sección Bebidas;977191;;;Bebida Coca Cola 590 Ml;2500.0;;;Medio.;https://images.deliveryhero.io/image/pedidosya/products/5637afae-aabf-440e-896a-f0f8cce592fb.jpg;25582563;;;;20
Sección Bebidas;977191;;;Bebida Coca Cola Sin Azúcar 590 Ml;2500.0;;;Medio.;https://images.deliveryhero.io/image/pedidosya/products/0cab0f32-8f8b-4a78-ab1c-7e3a007404fc.jpg;25582703;;;;21
Sección Bebidas;977191;;;Bebida Lata Coca Cola 350 Ml;2200.0;;;Lata.;https://images.deliveryhero.io/image/pedidosya/products/6184d1cf-177e-483b-88ee-172d757a40ea.jpg;26456688;;;;22
Sección Bebidas;977191;;;Bebida Coca Cola Energy 220Ml;1200.0;;;Latita 220cc coca cola energy, sabor guaraná, con un toque de cocacola, zero azucar.;https://images.deliveryhero.io/image/pedidosya/products/b352c7b8-d50f-4d26-973d-39d17ae6b379.jpg;27245716;;;;23
Sección Bebidas;977191;;;Bebida Sprite 1,5 L;2990.0;;;Sprite litro y medio.;https://images.deliveryhero.io/image/pedidosya/products/91e62f02-519e-4d97-9322-307624d0efe9.jpg;27245722;;;;24
Minutas;977182;;;Chorrillana todas las carnes 3 a 4 personas;18000.0;;;Carne vacuno, pollo, papas fritas, longaniza, salchicha, cebolla frita, huevo frito o revuelto.;;27245883;;;;8
Minutas;977182;;;Chorrillana Ñam 3 a 4 personas;18000.0;;;Carne vacuno, papas fritas, tocino, champiñon, salsa barbacoa, cebolla frita, salchicha, longaniza, huevo frito o revuelto.;;27246041;;;;7
Minutas;977182;;;Chorrillana vegetariana 3 a 4 personas;18000.0;;;Champiñon, papas fritas, cebolla frita, pimentón y huevo frito o revuelto.;https://images.deliveryhero.io/image/pedidosya/products/c9c571b1-e743-4bc8-bbf8-29cbe5c9dfff.jpg;27481736;;;;10
Minutas;977182;;;Aritos de cebolla 10 uni;3700.0;;;;https://images.deliveryhero.io/image/pedidosya/products/ccc70ca9-22ba-474e-9b45-c902c9b3d718.jpg;48699315;;;;11
Completos medianos;976939;;;Papapleto mediano;4400.0;;;Tomate, palta, mayo casera, en vez de salchicha van papas fritas.;;48699317;;;;12
Completos grandes;977084;;;Completo vegetariano grande;5900.0;;;Tomate, palta, mayo casera, en vez de salchicha, va champiñón.;https://images.deliveryhero.io/image/pedidosya/products/d859d2dd-6ba7-4ddf-b2c1-aff32eb92247.jpg;48699749;;;;12
Completos medianos;976939;;;Completo vegetariano mediano;4300.0;;;Tomate, palta, mayo casera. En vez de ponerse la salchicha, va champiñón.;;48699769;;;;13
Minutas;977182;;;Aritos de cebolla 5 uni;2000.0;;;;https://images.deliveryhero.io/image/pedidosya/products/31a4fedf-242e-4555-9ed3-7220acac77d1.jpg;48700597;;;;12
Completos grandes;977084;;;Papapleto grande;5300.0;;;Tomate, palta, mayo casera, en vez de ir la salchicha, van las papas fritas.;https://images.deliveryhero.io/image/pedidosya/products/48704b6a-2773-4050-8a3d-888983d2d299.jpg;48700925;;;;11
Promos Insuperables;3116790;;;Combo 4;7900.0;;;Sándwich de churrasco italiano mediano + papas fritas + bebida 250 ml.;https://images.deliveryhero.io/image/pedidosya/products/e84e7030-7533-47ed-9098-26e2ea92844e.jpg;53795055;;;;1
Promos Insuperables;3116790;;;Completo grande italiano;2900.0;;;Carne a elección, tomate, palta y mayonesa casera.;https://images.deliveryhero.io/image/pedidosya/products/20fa3262-2fd4-43e5-a8b8-cb2bc5b31303.jpg;53795062;;;;2
Promos Insuperables;3116790;;;Chorrillana todas las carnes 3 a 4 personas;15500.0;;;Carne vacuno, pollo, papas fritas, longaniza, salchicha, cebolla frita, huevo frito o revuelto.;;53795067;;;;3
MARATÓN DE PEDIDOS;3741035;;;Sándwich grande italiano;8100.0;;;Carne a elección, tomate, palta y mayonesa.;https://images.deliveryhero.io/image/pedidosya/products/ecec6e15-44a6-429b-87c6-e6e8872df48b.jpg;65988450;;;;1
MARATÓN DE PEDIDOS;3741035;;;Combo 2;4200.0;;;Completo o italiano grande + bebida 250 ml.;https://images.deliveryhero.io/image/pedidosya/products/6a89e489-7dd7-43b9-bfeb-45b49bad632c.jpg;65988451;;;;2
Completos grandes;977084;;;Completo grande súper ñam;6200.0;;;Carne, tomate, palta, queso, champiñon, choclo, mayo casera, tocino, salsa barbacoa, cebolla frita. Recomendable.;;77660730;;;;13
Hamburguesas;977173;;;Hamburguesa súper Ñam;6900.0;;;Carne, tomate, palta, queso, champiñon, choclo, mayo casera, tocino, salsa barbacoa, cebolla frita. Recomendable.;;77660785;;;;12
Sandwich individual;4217517;;;Churrasco italiano indiv;5600.0;;;Carne churrasco, tomate, palta, mayonesa casera.;;77660966;;;;1
Sandwich individual;4217517;;;Churrasco completo indiv;5600.0;;;Churrasco, tomate, palta, mayo casera, chucrut, americana.;https://images.deliveryhero.io/image/pedidosya/products/fbf204e3-d590-4b50-ab5f-f92df77e25be.jpg;77661113;;;;2
Sandwich individual;4217517;;;Churrasco chacarero indiv;5600.0;;;Churrasco, poroto verde, ají verde a elección, tomate, mayonesa casera.;https://images.deliveryhero.io/image/pedidosya/products/eefff389-4c7a-4b9b-aa4d-126312e40fe9.jpg;77661306;;;;3
Sandwich individual;4217517;;;Churrasco gringo indiv;6990.0;;;Churrasco, tomate, pepinillo, lechuga, cebolla y mayonesa casera.;;77661655;;;;6
Sandwich individual;4217517;;;Churrasco brasilero indiv;6990.0;;;Churrasco, queso gauda, palta.;;77661980;;;;7
Sandwich individual;4217517;;;Churrasco rodeo indiv;6990.0;;;Churrasco, queso gauda, salsa barbacoa, tocino y tomate.;;77662205;;;;4
Sandwich individual;4217517;;;Chuurasco a lo pobre indiv;6990.0;;;Churrasco, huevo, cebolla frita y queso.;;77663412;;;;7
Sandwich individual;4217517;;;Churrasco mexicano indiv;5600.0;;;Churrasco, guacamole y mayonesa casera.;;77664267;;;;8
Sandwich individual;4217517;;;Churrasco luco indiv;6600.0;;;Churrasco, queso gauda.;;77665233;;;;9
Sandwich individual;4217517;;;Churrasco Ñam indiv;7400.0;;;Churrasco, tomate, palta, queso gauda, choclo, mayonesa casera.;;77667093;;;;10
Sandwich individual;4217517;;;Churrasco súper Ñam indiv;7600.0;;;Churrasco, tomate, palta, queso, champiñón, choclo, mayonesa casera, tocino, salsa bbq, cebolla frita.;https://images.deliveryhero.io/image/pedidosya/products/cee6fde0-09de-4434-bfa7-f2378a550c18.jpg;77668751;;;;11
RED HITS 50% OFF V REGIÓN;4649048;;;Completo grande italiano;1950.0;;;Vienesa, tomate, palta y mayonesa casera.;https://images.deliveryhero.io/image/pedidosya/products/41d081ed-c270-4053-9696-08e98ad554a8.jpg;85923629;;;;1
Golazos de PedidosYa;4796608;;;Chorrillana carne (grande);7665.0;;;Carne, papas fritas, salchicha, longaniza, cebolla frita, huevo frito o revuelto.;https://images.deliveryhero.io/image/pedidosya/products/6e27404e-3f1b-4180-9a44-ee6cdd9aeb60.jpg;87763726;;;;1
Golazos de PedidosYa;4796608;;;Sándwich grande Super Ñam;7630.0;;;Carne, tomate, palta, queso, champiñon, choclo, mayo casera, tocino, salsa barbacoa, cebolla frita. Recomendable.;https://images.deliveryhero.io/image/pedidosya/products/12db6883-e735-4296-9b62-dc678df7c633.jpg;87763727;;;;2
Golazos de PedidosYa;4796608;;;Sándwich mediano Super Ñam;5530.0;;;Carne, tomate, palta, queso, champiñon, choclo, mayo casera, tocino, salsa barbacoa, cebolla frita. Recomendable.;https://images.deliveryhero.io/image/pedidosya/products/9e0551c4-b752-450f-8f7f-da3a0c1d1eec.jpg;87763728;;;;3
Minutas;977182;;;Chorriana de carne individual;6600.0;;;Carne, papas fritas, huevo frito, salchicha, longaniza, cebolla frita.;;88349906;;;;3
Minutas;977182;;;Chorrillana carne dos personas;13200.0;;;Carne, papas fritas, cebolla frita, salchicha, longaniza, huevo frito.;;88350900;;;;2
Minutas;977182;;;Chorrillana carne 4 personas;17500.0;;;Carne, papas fritas, huevo, cebolla frita, salchicha, longaniza.;;88350935;;;;5
JULIO CON DESCUENTOS;4875294;;;Chorrillana carne (grande);7665.0;;;Carne, papas fritas, salchicha, longaniza, cebolla frita, huevo frito o revuelto.;;88890639;;;;1
JULIO CON DESCUENTOS;4875294;;;Sándwich grande Super Ñam;7630.0;;;Carne, tomate, palta, queso, champiñon, choclo, mayo casera, tocino, salsa barbacoa, cebolla frita. Recomendable.;https://images.deliveryhero.io/image/pedidosya/products/c195cbf0-4928-4799-8fff-5da05c55ebbb.jpg;88890640;;;;2
GOLAZOS DE PEDIDOSYA AGOSTO;4957460;;;Sándwich grande italiano;6230.0;;;Carne a elección, tomate, palta y mayonesa.;https://images.deliveryhero.io/image/pedidosya/products/a31ef869-8688-4ef2-901c-cfc653f7b597.jpg;90040239;;;;1
GOLAZOS DE PEDIDOSYA AGOSTO;4957460;;;Sándwich grande Super Ñam;7630.0;;;Carne, tomate, palta, queso, champiñon, choclo, mayo casera, tocino, salsa barbacoa, cebolla frita. Recomendable.;https://images.deliveryhero.io/image/pedidosya/products/1f2b99ec-47e9-4aee-8155-8334d8452594.jpg;90041305;;;;2
PARA PASAR AGOSTO;5002693;;;Sándwich grande Super Ñam;7630.0;;;Carne, tomate, palta, queso, champiñon, choclo, mayo casera, tocino, salsa barbacoa, cebolla frita. Recomendable.;https://images.deliveryhero.io/image/pedidosya/products/7426e648-231b-438b-872c-58ef2fb9ae07.jpg;90671260;;;;1
PARA PASAR AGOSTO;5002693;;;Sándwich grande italiano;6230.0;;;Carne a elección, tomate, palta y mayonesa.;https://images.deliveryhero.io/image/pedidosya/products/a31ef869-8688-4ef2-901c-cfc653f7b597.jpg;90672847;;;;2
Combos;976894;;;Sandwich individual, aros de cebolla y bebida;7950.0;;;Churrasco italiano individual, 5 aritos de cebolla, más una bebida mini 220 cc.;;90847905;;;;1
Agosto 2x;5093958;;;2 Combo 13;8820.0;;;Completo o italiano gigante, más papas fritas más bebida mini ccu.;https://images.deliveryhero.io/image/pedidosya/products/69d890c2-4565-477a-8cd8-339482b48d5e.jpg;91867138;;;;1
LO RICO DEL 18 2022;5167120;;;Sándwich grande italiano;6230.0;;;Carne a elección, tomate, palta y mayonesa.;https://images.deliveryhero.io/image/pedidosya/products/a31ef869-8688-4ef2-901c-cfc653f7b597.jpg;92648325;;;;1
GOLAZOS DE PEDIDOSYA SEPTIEMBRE;5242884;;;Sándwich grande italiano;6230.0;;;Carne a elección, tomate, palta y mayonesa.;https://images.deliveryhero.io/image/pedidosya/products/a31ef869-8688-4ef2-901c-cfc653f7b597.jpg;93409376;;;;1
Combos;976894;;;Combo 1;4600.0;;;Completo o italiano mediano + bebida 250 ml.;https://images.deliveryhero.io/image/pedidosya/products/cc36d4fe-2b99-43da-b432-d0406d70d440.jpg;9452935;;;;2
Combos;976894;;;Combo 2;5950.0;;;Completo o italiano grande + bebida 250 ml.;https://images.deliveryhero.io/image/pedidosya/products/6a89e489-7dd7-43b9-bfeb-45b49bad632c.jpg;9452941;;;;3
Combos;976894;;;Combo 3;5200.0;;;Sándwich completo Ñam mediano + bebida 250 ml.;;9452948;;;;4
Combos;976894;;;Combo 4;8950.0;;;Sándwich de churrasco italiano mediano + papas fritas + bebida 250 ml.;https://images.deliveryhero.io/image/pedidosya/products/e84e7030-7533-47ed-9098-26e2ea92844e.jpg;9453016;;;;5
Combos;976894;;;Combo 5;16500.0;;;Sándwich  de churrasco italiano o completo grande + papas fritas medianas + bebida 1.5 L.;https://images.deliveryhero.io/image/pedidosya/products/b5fe055d-77d5-4f58-86f9-5574644ca67f.jpg;9453033;;;;16
Combos;976894;;;Combo 6;7700.0;;;Hamburguesa italiana + papas + bebida 250 ml.;https://images.deliveryhero.io/image/pedidosya/products/a38a72a9-5f1f-4670-998f-1a25f93bf395.jpg;9453036;;;;6
Combos;976894;;;Combo 7;7800.0;;;Hamburguesa italiana + 3 empanadas de queso (chicas) + bebida 250 ml.;https://images.deliveryhero.io/image/pedidosya/products/42375afc-6ad9-421f-886a-2d0205f8ea3c.jpg;9453040;;;;7
Combos;976894;;;Combo 8;7900.0;;;Hamburguesa italiana + 5 nuggets + bebida 250 ml.;https://images.deliveryhero.io/image/pedidosya/products/1122f4e1-c00e-4773-b515-c792a872b5af.jpg;9453047;;;;8
Combos;976894;;;Combo 9;14900.0;;;Chorrillana para 2 personas + 2 bebidas 250 ml.;https://images.deliveryhero.io/image/pedidosya/products/d74cf29c-cafd-492b-8ea9-ec993ccf10f5.jpg;9453059;;;;9
Combos;976894;;;Combo 10;16900.0;;;Chorrillana para 3 o 4 personas + bebida 1.5 L.;https://images.deliveryhero.io/image/pedidosya/products/c8390286-b611-45af-b63f-bb7954892c8b.jpg;9453067;;;;10
Combos;976894;;;Combo 11;5990.0;;;Fajita + bebida 250 ml.;https://images.deliveryhero.io/image/pedidosya/products/e43aa47c-ff21-4866-b94e-c406e472ac97.jpg;9453069;;;;11
Combos;976894;;;Combo 12;4000.0;;;Empanada de queso + bebida 250 ml.;https://images.deliveryhero.io/image/pedidosya/products/04e558b9-65c5-4806-b07d-1edd28ecffb4.jpg;9453075;;;;12
Completos medianos;976939;;;Completo mediano italiano;4000.0;;;Carne a elección, tomate, palta y mayonesa casera.;https://images.deliveryhero.io/image/pedidosya/products/6923998d-0aea-47dc-a1d5-e8e68691a56a.jpg;9453163;;;;8
Completos medianos;976939;;;Completo mediano gringo;4400.0;;;Carne a elección, tomate, pepinillo, lechuga, cebolla y mayonesa.;;9453166;;;;9
Completos medianos;976939;;;Completo mediano rodeo;4500.0;;;Carne a elección, salsa barbacoa, tocino, queso y tomate.;;9453170;;;;1
Completos medianos;976939;;;Completo mediano mexicano;4200.0;;;Carne a elección, guacamole y mayonesa.;;9453182;;;;5
Completos medianos;976939;;;Completo mediano;4200.0;;;Carne a elección, tomate, palta, mayonesa, salsa americana y chucrut.;;9453186;;;;2
Completos medianos;976939;;;Completo mediano chacarero;4200.0;;;Carne a elección, tomate, mayonesa, poroto verde y ají verde.;https://images.deliveryhero.io/image/pedidosya/products/95127e17-8258-487b-ae5a-9152eff9b604.jpg;9453190;;;;6
Completos medianos;976939;;;Completo mediano brasileño;4500.0;;;Carne a elección, queso y palta.;https://images.deliveryhero.io/image/pedidosya/products/dfb70554-d47f-49ec-b30f-cf45f362d52f.jpg;9453198;;;;6
Completos medianos;976939;;;Completo mediano a lo pobre;4500.0;;;Carne a elección, huevo, cebolla frita y queso.;;9453202;;;;7
Completos medianos;976939;;;Completo mediano luco;4300.0;;;Carne a elección y queso.;;9453206;;;;10
Completos medianos;976939;;;Completo mediano Ñam;4100.0;;;Carne a elección, tomate, palta, queso, champignon, choclo y mayonesa.;;9453210;;;;3
Completos grandes;977084;;;Completo grande italiano;4900.0;;;Carne a elección, tomate, palta y mayonesa casera.;https://images.deliveryhero.io/image/pedidosya/products/41d081ed-c270-4053-9696-08e98ad554a8.jpg;9453931;;;;1
Completos grandes;977084;;;Completo grande rodeo;5500.0;;;Carne a elección, salsa barbacoa, tocino, queso y tomate.;;9453933;;;;2
Completos grandes;977084;;;Completo grande mexicano;4900.0;;;Carne a elección, guacamole y mayonesa.;;9453934;;;;3
Completos grandes;977084;;;Completo grande;5000.0;;;Carne a elección, tomate, palta, mayonesa casera, salsa americana y chucrut.;;9453935;;;;5
Completos grandes;977084;;;Completo grande chacarero;5000.0;;;Carne a elección, tomate, mayonesa, poroto verde y ají verde.;https://images.deliveryhero.io/image/pedidosya/products/93dd763f-d7c3-41f4-9fc1-36939be752e7.jpg;9453936;;;;6
Completos grandes;977084;;;Completo grande brasileño;5500.0;;;Carne a elección, queso y palta.;https://images.deliveryhero.io/image/pedidosya/products/65eff529-4f1e-4e6f-aedc-ce9ec9d39de3.jpg;9453937;;;;7
Completos grandes;977084;;;Completo grande a lo pobre;5500.0;;;Carne a elección, huevo, cebolla frita y queso.;;9453938;;;;8
Completos grandes;977084;;;Completo grande luco;5200.0;;;Carne a elección y queso.;https://images.deliveryhero.io/image/pedidosya/products/bfcd8693-0370-486d-8a13-4b2a9b6541e3.jpg;9453939;;;;9
Completos grandes;977084;;;Completo grande Ñam;5900.0;;;Carne a elección, tomate, palta, queso, champignon, choclo y mayonesa.;;9453940;;;;10
Sándwiches medianos;977134;;;Sándwich mediano solo;4500.0;;;Carne a elección.;;9454130;;;;1
Sándwiches medianos;977134;;;Sándwich mediano italiano;6790.0;;;Carne a elección, tomate, palta y mayonesa.;https://images.deliveryhero.io/image/pedidosya/products/8fc1e4d9-d5fa-48cc-a622-29a5b668572e.jpg;9454131;;;;4
Sándwiches medianos;977134;;;Sándwich mediano gringo;6990.0;;;Carne a elección, tomate, pepinillo, lechuga, cebolla y mayonesa.;;9454132;;;;5
Sándwiches medianos;977134;;;Sándwich mediano rodeo;7700.0;;;Carne a elección, salsa barbacoa, tocino, queso y tomate.;;9454133;;;;7
Sándwiches medianos;977134;;;Sándwich mediano mexicano;6790.0;;;Carne a elección, guacamole y mayonesa.;;9454134;;;;9
Sándwiches medianos;977134;;;Sándwich mediano completo;6790.0;;;Carne a elección, tomate, palta, mayonesa, salsa americana y chucrut.;https://images.deliveryhero.io/image/pedidosya/products/bf5e4bfa-1fda-41eb-b7aa-258f076d10ef.jpg;9454135;;;;2
Sándwiches medianos;977134;;;Sándwich mediano chacarero;6790.0;;;Carne a elección, tomate, mayonesa, poroto verde y ají verde.;https://images.deliveryhero.io/image/pedidosya/products/e7f6ef16-bba4-4471-8f29-3f6f7d9ef9fb.jpg;9454136;;;;3
Sándwiches medianos;977134;;;Sándwich mediano brasileño;7100.0;;;Carne a elección, queso y palta.;https://images.deliveryhero.io/image/pedidosya/products/ddf1a45a-fee6-420c-bfcc-e384e1d0787a.jpg;9454137;;;;6
Sándwiches medianos;977134;;;Sándwich mediano a lo pobre;7600.0;;;Carne a elección, huevo, cebolla frita y queso.;;9454138;;;;8
Sándwiches medianos;977134;;;Sándwich mediano luco;7300.0;;;Carne a elección y queso.;;9454139;;;;10
Sándwiches medianos;977134;;;Sándwich mediano Ñam;8800.0;;;Carne a elección, tomate, palta, queso, champiñón, choclo y mayonesa.;;9454140;;;;11
Sándwiches grandes;977162;;;Sándwich grande solo;5900.0;;;Carne a elección.;;9454329;;;;1
Sándwiches grandes;977162;;;Sándwich grande italiano;5760.0;;;Churrasco o ave, tomate, palta, mayonesa casera.;https://images.deliveryhero.io/image/pedidosya/products/a31ef869-8688-4ef2-901c-cfc653f7b597.jpg;9454330;;;;3
Sándwiches grandes;977162;;;Sándwich grande gringo;9990.0;;;Carne a elección, tomate, pepinillo, lechuga, cebolla y mayonesa.;;9454331;;;;9
Sándwiches grandes;977162;;;Sándwich grande rodeo;10700.0;;;Carne a elección, salsa barbacoa, tocino, queso y tomate.;;9454332;;;;6
Sándwiches grandes;977162;;;Sándwich grande mexicano;9700.0;;;Carne a elección, guacamole y mayonesa.;;9454335;;;;10
Sándwiches grandes;977162;;;Sándwich grande completo;9600.0;;;Carne a elección: churrasco o ave, tomate, palta, mayonesa, salsa americana y chucrut.;https://images.deliveryhero.io/image/pedidosya/products/df46b30a-7310-4d13-a2b1-4cdb60970092.jpg;9454337;;;;2
Sándwiches grandes;977162;;;Sándwich grande chacarero;9600.0;;;Churrasco o ave, tomate, poroto verde, mayonesa casera, aji verde a elección.;https://images.deliveryhero.io/image/pedidosya/products/4a3db4e7-b1cf-4866-b202-ea7856ac2d71.jpg;9454338;;;;4
Sándwiches grandes;977162;;;Sándwich grande brasileño;9990.0;;;Carne a elección, queso y palta.;https://images.deliveryhero.io/image/pedidosya/products/57ed3351-ca89-4753-b14c-7922dfb22f45.jpg;9454339;;;;5
Sándwiches grandes;977162;;;Sándwich grande a lo pobre;10990.0;;;Carne a elección, huevo, cebolla frita y queso.;;9454340;;;;9
Sándwiches grandes;977162;;;Sándwich grande luco;9990.0;;;Churrasco o ave, queso gauda.;;9454342;;;;7
Sándwiches grandes;977162;;;Sándwich grande Ñam;7500.0;;;Churrasco o ave, tomate, palta, queso, champiñon, choclo, mayonesa casera. Imperdible.;;9454343;;;;11
Hamburguesas;977173;;;Hamburguesa sola;2500.0;;;Hamburguesa y pan.;;9454410;;;;1
Hamburguesas;977173;;;Hamburguesa italiana;4990.0;;;Carne a elección, tomate, palta y mayonesa.;https://images.deliveryhero.io/image/pedidosya/products/3d388d55-a21d-459b-bbf2-03cb13c9b56d.jpg;9454411;;;;4
Hamburguesas;977173;;;Hamburguesa gringa;5600.0;;;Carne a elección, tomate, pepinillo, lechuga, cebolla y mayonesa.;https://images.deliveryhero.io/image/pedidosya/products/f415d338-beb0-4943-b4a4-c4dc09110b12.jpg;9454412;;;;3
Hamburguesas;977173;;;Hamburguesa rodeo;5950.0;;;Carne a elección, salsa barbacoa, tocino, queso y tomate.;;9454413;;;;5
Hamburguesas;977173;;;Hamburguesa mexicana;4990.0;;;Carne a elección, guacamole y mayonesa.;;9454414;;;;9
Hamburguesas;977173;;;Hamburguesa completa;4990.0;;;Carne a elección, tomate, palta, mayonesa, salsa americana y chucrut.;;9454415;;;;2
Hamburguesas;977173;;;Hamburguesa chacarera;4990.0;;;Carne a elección, tomate, mayonesa, poroto verde y ají verde.;https://images.deliveryhero.io/image/pedidosya/products/a80c7529-f04b-4e6a-b035-3aae626de6b7.jpg;9454416;;;;7
Hamburguesas;977173;;;Hamburguesa brasileña;5600.0;;;Carne a elección, queso y palta.;;9454418;;;;7
Hamburguesas;977173;;;Hamburguesa a lo pobre;5600.0;;;Carne a elección, huevo, cebolla frita y queso.;;9454420;;;;8
Hamburguesas;977173;;;Hamburguesa luco;5200.0;;;Carne a elección y queso.;;9454421;;;;10
Hamburguesas;977173;;;Hamburguesa Ñam;6500.0;;;Carne a elección, tomate, palta, queso, champignon, choclo y mayonesa.;;9454422;;;;11
Minutas;977182;;;Papas fritas;2700.0;;;Papas fritas.;https://images.deliveryhero.io/image/pedidosya/products/5ac714e7-c96c-4a4d-a981-fa2631b79937.jpg;9454474;;;;1
Minutas;977182;;;Fajita;4700.0;;;Carne a elección, palta, tomate, choclo, mayonesa.;;9454497;;;;4
Minutas;977182;;;Empanada de queso (3 unidades);2990.0;;;Medialunas chicas.;;9454502;;;;6
Minutas;977182;;;Nuggets;2900.0;;;;;9454504;;;;9
Sección Bebidas;977191;;;Bebida Pepsi 250 Cc;1400.0;;;Mini.;https://images.deliveryhero.io/image/pedidosya/products/506653a8-a3e2-43fe-8fe6-85ce170ae01c.jpg;9454529;;;;1
Sección Bebidas;977191;;;Bebida Bilz 250 Cc;1400.0;;;Mini.;https://images.deliveryhero.io/image/pedidosya/products/a7172ece-4af6-4680-acd5-7e9a442adc33.jpg;9454532;;;;2
Sección Bebidas;977191;;;Bebida Crush 250 Cc;1400.0;;;Mini.;https://images.deliveryhero.io/image/pedidosya/products/b7a44742-544c-4a07-86b5-01bbcdd7add4.jpg;9454533;;;;14
Sección Bebidas;977191;;;Bebida Limón Soda 250 Cc;1400.0;;;Mini.;https://images.deliveryhero.io/image/pedidosya/products/7564a531-0133-4138-b059-f95bdd34584e.jpg;9454538;;;;7
Sección Bebidas;977191;;;Bebida Pap 250 Cc;1400.0;;;Mini.;https://images.deliveryhero.io/image/pedidosya/products/147405c4-a77a-46a1-94a5-dadc0c979589.jpg;9454541;;;;3
Sección Bebidas;977191;;;Bebida Lata Coca Cola;2200.0;;;350 ml.;https://images.deliveryhero.io/image/pedidosya/products/d8b7f207-a4ec-42b6-8506-4eba2e4165f8.jpg;9454544;;;;8
Sección Bebidas;977191;;;Gaseosa Bilz Lata;2200.0;;;350.;https://images.deliveryhero.io/image/pedidosya/products/4dd9fce6-fe9f-4300-9ee1-3e2238f39867;9454547;7,80162E+12;;;4
Sección Bebidas;977191;;;Bebida Lata Crush 350Cc;2200.0;;;350.;https://images.deliveryhero.io/image/pedidosya/products/b7dbc3a7-c629-4ea1-b842-c797fa1360e3.jpg;9454552;7,80162E+12;;;5
Sección Bebidas;977191;;;Bebida Lata Limón Soda 350Ml;2200.0;;;350.;https://images.deliveryhero.io/image/pedidosya/products/a251daaf-6265-49c7-b65b-a5635e2e837c.jpg;9454556;7,80162E+12;;;6
Sección Bebidas;977191;;;Bebida Lata 350 Cc Pap;2200.0;;;;https://images.deliveryhero.io/image/pedidosya/products/dd8257b6-10a3-492d-8627-4900b4d5c97f;9454559;7,80162E+12;;;9
Sección Bebidas;977191;;;Bebida Ccu 500Cc Variedades;2500.0;;;500ml.;https://images.deliveryhero.io/image/pedidosya/products/7b423d0d-236b-4736-8bf9-b53ddb460f4a.jpg;9454570;;;;11
Sección Bebidas;977191;;;Bebida Coca Cola Medio;2500.0;;;590 ml.;https://images.deliveryhero.io/image/pedidosya/products/95394b2c-8443-4fa7-be68-6434e0f77db8.jpg;9454572;;;;10
Sección Bebidas;977191;;;Bebida Ccu 1,5L Variedades;2990.0;;;Litro y medio.;https://images.deliveryhero.io/image/pedidosya/products/61c93c82-7b34-4a16-9f92-98d7de635361.jpg;9454592;;;;12
Sección Bebidas;977191;;;Jugo Watt´s Durazno 300Cc;1600.0;;;Boca ancha.;https://images.deliveryhero.io/image/pedidosya/products/8415326e-b9b3-43b2-ac43-d01fbcf58693.jpg;9454612;;;;17
Sección Bebidas;977191;;;Agua Mineral Vital 500Ml;1200.0;;;;https://images.deliveryhero.io/image/pedidosya/products/bbdfca4d-247f-45da-9416-ea0b10523e99.jpg;9454614;;;;13
FLORECEN LOS DESCUENTOS;5347612;;;Sándwich grande italiano;6650.0;;;Carne a elección, tomate, palta y mayonesa.;https://images.deliveryhero.io/image/pedidosya/products/a31ef869-8688-4ef2-901c-cfc653f7b597.jpg;94707770;;;;1
GOLAZOS DE PEDIDOSYA OCTUBRE;5406133;;;Sándwich grande italiano;6650.0;;;Carne a elección, tomate, palta y mayonesa.;https://images.deliveryhero.io/image/pedidosya/products/a31ef869-8688-4ef2-901c-cfc653f7b597.jpg;95384403;;;;1
DESCUENTOS DE MIEDO 2022;5457627;;;Sándwich grande italiano;6650.0;;;Carne a elección, tomate, palta y mayonesa.;https://images.deliveryhero.io/image/pedidosya/products/a31ef869-8688-4ef2-901c-cfc653f7b597.jpg;96100458;;;;1
GOLAZOS DE PEDIDOSYA NOVIEMBRE;5483735;;;Sándwich grande italiano;6650.0;;;Carne a elección, tomate, palta y mayonesa.;https://images.deliveryhero.io/image/pedidosya/products/a31ef869-8688-4ef2-901c-cfc653f7b597.jpg;96374553;;;;1
ANIVERSARIO 13 AÑOS;5571409;;;Sándwich grande italiano;6650.0;;;Carne a elección, tomate, palta y mayonesa.;https://images.deliveryhero.io/image/pedidosya/products/a31ef869-8688-4ef2-901c-cfc653f7b597.jpg;98233672;;;;2
